timestamp,angular_velocity,linear_velocity
2024-11-13 21:54:54.134333,0.0,0.0
2024-11-13 21:54:54.234834,0.0,0.0
2024-11-13 21:54:54.335519,0.0,0.0
2024-11-13 21:54:54.435870,0.0,0.0
2024-11-13 21:54:54.537080,0.0,0.0
2024-11-13 21:54:54.637098,0.0,0.0
2024-11-13 21:54:54.737594,0.0,0.0
2024-11-13 21:54:54.838138,0.0,0.0
2024-11-13 21:54:54.939127,0.0,0.0
2024-11-13 21:54:55.039675,0.0,0.0
2024-11-13 21:54:55.140352,0.0,0.0
2024-11-13 21:54:55.240836,0.0,0.0
2024-11-13 21:54:55.341433,0.0,0.0
2024-11-13 21:54:55.441995,0.0,0.0
2024-11-13 21:54:55.542769,0.0,0.0
2024-11-13 21:54:55.643310,0.0,0.0
2024-11-13 21:54:55.744362,0.0,0.0
2024-11-13 21:54:55.844770,0.0,0.0
2024-11-13 21:54:55.945253,0.0,0.0
2024-11-13 21:54:56.045502,0.0,0.0
2024-11-13 21:54:56.146792,0.0,0.0
2024-11-13 21:54:56.246847,0.0,0.0
2024-11-13 21:54:56.347199,0.0,0.0
2024-11-13 21:54:56.447346,0.0,0.0
2024-11-13 21:54:56.548375,0.0,0.0
2024-11-13 21:54:56.648655,0.0,0.0
2024-11-13 21:54:56.749214,0.0,0.0
2024-11-13 21:54:56.849681,0.0,0.0
2024-11-13 21:54:56.950105,0.0,0.0
2024-11-13 21:54:57.051251,0.0,0.0
2024-11-13 21:54:57.151708,0.0,0.0
2024-11-13 21:54:57.252113,0.0,0.0
2024-11-13 21:54:57.352538,0.0,0.0
2024-11-13 21:54:57.452897,0.0,0.0
2024-11-13 21:54:57.553357,0.0,0.0
2024-11-13 21:54:57.653891,0.0,0.0
2024-11-13 21:54:57.754518,0.0,0.0
2024-11-13 21:54:57.854925,0.0,0.0
2024-11-13 21:54:57.955608,0.0,0.0
2024-11-13 21:54:58.056283,0.0,0.0
2024-11-13 21:54:58.156525,0.0,0.0
2024-11-13 21:54:58.257160,0.0,0.0
2024-11-13 21:54:58.357655,0.0,0.0
2024-11-13 21:54:58.457851,0.0,0.0
2024-11-13 21:54:58.558204,0.0,0.0
2024-11-13 21:54:58.659275,0.0,0.0
2024-11-13 21:54:58.759571,0.0,0.0
2024-11-13 21:54:58.860120,0.0,0.0
2024-11-13 21:54:58.960568,0.0,0.0
2024-11-13 21:54:59.061079,0.0,0.0
2024-11-13 21:54:59.161377,0.0,0.0
2024-11-13 21:54:59.261829,0.0,0.0
2024-11-13 21:54:59.362320,0.0,0.0
2024-11-13 21:54:59.462692,0.0,0.0
2024-11-13 21:54:59.563080,0.0,0.0
2024-11-13 21:54:59.663780,0.0,0.0
2024-11-13 21:54:59.763754,0.0,0.0
2024-11-13 21:54:59.864030,0.0,0.0
2024-11-13 21:54:59.964511,0.0,0.0
2024-11-13 21:55:00.065065,0.0,0.0
2024-11-13 21:55:00.165360,0.0,0.0
2024-11-13 21:55:00.265681,0.0,0.0
2024-11-13 21:55:00.366980,0.0,0.0
2024-11-13 21:55:00.467061,0.0,0.0
2024-11-13 21:55:00.567451,0.0,0.0
2024-11-13 21:55:00.667730,0.0,0.0
2024-11-13 21:55:00.768192,0.0,0.0
2024-11-13 21:55:00.868823,0.0,0.0
2024-11-13 21:55:00.969505,0.0,0.0
2024-11-13 21:55:01.070034,0.0,0.0
2024-11-13 21:55:01.170474,0.0,0.0
2024-11-13 21:55:01.271002,0.0,0.0
2024-11-13 21:55:01.371432,0.0,0.0
2024-11-13 21:55:01.472431,0.0,0.0
2024-11-13 21:55:01.572429,0.0,0.0
2024-11-13 21:55:01.672825,0.0,0.0
2024-11-13 21:55:01.773802,0.0,0.0
2024-11-13 21:55:01.875092,0.0,0.0
2024-11-13 21:55:01.974882,0.0,0.0
2024-11-13 21:55:02.075336,0.0,0.0
2024-11-13 21:55:02.175873,0.0,0.0
2024-11-13 21:55:02.276322,0.0,0.0
2024-11-13 21:55:02.377082,0.0,0.0
2024-11-13 21:55:02.477385,0.0,0.0
2024-11-13 21:55:02.577508,0.0,0.0
2024-11-13 21:55:02.678238,0.0,0.0
2024-11-13 21:55:02.778299,0.0,0.0
2024-11-13 21:55:02.878727,0.0,0.0
2024-11-13 21:55:02.979263,0.0,0.0
2024-11-13 21:55:03.079614,0.0,0.0
2024-11-13 21:55:03.180364,0.0,0.0
2024-11-13 21:55:03.280735,0.0,0.0
2024-11-13 21:55:03.381246,0.0,0.0
2024-11-13 21:55:03.481686,0.0,0.0
2024-11-13 21:55:03.582431,0.0,0.0
2024-11-13 21:55:03.682609,0.0,0.0
2024-11-13 21:55:03.783164,0.0,0.0
2024-11-13 21:55:03.883600,0.0,0.0
2024-11-13 21:55:03.984299,0.0,0.0
2024-11-13 21:55:04.084999,0.0,0.0
2024-11-13 21:55:04.184967,0.0,0.0
2024-11-13 21:55:04.285305,0.0,0.0
2024-11-13 21:55:04.385756,0.0,0.0
2024-11-13 21:55:04.486601,0.0,0.0
2024-11-13 21:55:04.587347,0.0,0.0
2024-11-13 21:55:04.688134,0.0,0.0
2024-11-13 21:55:04.788302,0.0,0.0
2024-11-13 21:55:04.889310,0.0,0.0
2024-11-13 21:55:04.989496,0.0,0.0
2024-11-13 21:55:05.089944,0.0,0.0
2024-11-13 21:55:05.190649,0.0,0.0
2024-11-13 21:55:05.291505,0.0,0.0
2024-11-13 21:55:05.391820,0.0,0.0
2024-11-13 21:55:05.492815,0.0,0.0
2024-11-13 21:55:05.592915,0.0,0.0
2024-11-13 21:55:05.693583,0.0,0.0
2024-11-13 21:55:05.794213,0.0,0.0
2024-11-13 21:55:05.894196,0.0,0.0
2024-11-13 21:55:05.994719,0.0,0.0
2024-11-13 21:55:06.095201,0.0,0.0
2024-11-13 21:55:06.196100,0.0,0.0
2024-11-13 21:55:06.296092,0.0,0.0
2024-11-13 21:55:06.396514,0.0,0.0
2024-11-13 21:55:06.496949,0.0,0.0
2024-11-13 21:55:06.597292,0.0,0.0
2024-11-13 21:55:06.698307,0.0,0.0
2024-11-13 21:55:06.798537,0.0,0.0
2024-11-13 21:55:06.899531,0.0,0.0
2024-11-13 21:55:06.999554,0.0,0.0
2024-11-13 21:55:07.100035,0.0,0.0
2024-11-13 21:55:07.200521,0.0,0.0
2024-11-13 21:55:07.301682,0.0,0.0
2024-11-13 21:55:07.401509,0.0,0.0
2024-11-13 21:55:07.502126,0.0,0.0
2024-11-13 21:55:07.602378,0.0,0.0
2024-11-13 21:55:07.702866,0.0,0.0
2024-11-13 21:55:07.804045,0.0,0.0
2024-11-13 21:55:07.904267,0.0,0.0
2024-11-13 21:55:08.004639,0.0,0.0
2024-11-13 21:55:08.105049,0.0,0.0
2024-11-13 21:55:08.205342,0.0,0.0
2024-11-13 21:55:08.306195,0.0,0.0
2024-11-13 21:55:08.407723,0.0,0.0
2024-11-13 21:55:08.508675,0.0,0.0
2024-11-13 21:55:08.609271,0.0,0.0
2024-11-13 21:55:08.709795,0.0,0.0
2024-11-13 21:55:08.809296,0.0,0.0
2024-11-13 21:55:08.909448,0.0,0.0
2024-11-13 21:55:09.009938,0.0,0.0
2024-11-13 21:55:09.111640,0.0,0.0
2024-11-13 21:55:09.210730,0.0,0.0
2024-11-13 21:55:09.311061,0.0,0.0
2024-11-13 21:55:09.412133,0.0,0.0
2024-11-13 21:55:09.511761,0.0,0.0
2024-11-13 21:55:09.612862,0.0,0.0
2024-11-13 21:55:09.713154,0.0,0.0
2024-11-13 21:55:09.813292,0.0,0.0
2024-11-13 21:55:09.913858,0.0,0.0
2024-11-13 21:55:10.014084,0.0,0.0
2024-11-13 21:55:10.114580,0.0,0.0
2024-11-13 21:55:10.214926,0.0,0.0
2024-11-13 21:55:10.315667,0.0,0.0
2024-11-13 21:55:10.415698,0.0,0.0
2024-11-13 21:55:10.517662,0.0,0.0
2024-11-13 21:55:10.617703,0.0,0.0
2024-11-13 21:55:10.718060,0.0,0.0
2024-11-13 21:55:10.817881,0.0,0.0
2024-11-13 21:55:10.918397,0.0,0.0
2024-11-13 21:55:11.018604,0.0,0.0
2024-11-13 21:55:11.119246,0.0,0.0
2024-11-13 21:55:11.219595,0.0,0.0
2024-11-13 21:55:11.320039,0.0,0.0
2024-11-13 21:55:11.420617,0.0,0.0
2024-11-13 21:55:11.520941,0.0,0.0
2024-11-13 21:55:11.621605,0.0,0.0
2024-11-13 21:55:11.722158,0.0,0.0
2024-11-13 21:55:11.822741,0.0,0.0
2024-11-13 21:55:11.922734,0.0,0.0
2024-11-13 21:55:12.023229,0.0,0.0
2024-11-13 21:55:12.123591,0.0,0.0
2024-11-13 21:55:12.224203,0.0,0.0
2024-11-13 21:55:12.324814,0.0,0.0
2024-11-13 21:55:12.425543,0.0,0.0
2024-11-13 21:55:12.526032,0.0,0.0
2024-11-13 21:55:12.626091,0.0,0.0
2024-11-13 21:55:12.726897,0.0,0.0
2024-11-13 21:55:12.827573,0.0,0.0
2024-11-13 21:55:12.927535,0.0,0.0
2024-11-13 21:55:13.028356,0.0,0.0
2024-11-13 21:55:13.128580,0.0,0.0
2024-11-13 21:55:13.228976,0.0,0.0
2024-11-13 21:55:13.330157,0.0,0.0
2024-11-13 21:55:13.430049,0.0,0.0
2024-11-13 21:55:13.530540,0.0,0.0
2024-11-13 21:55:13.631220,0.0,0.0
2024-11-13 21:55:13.731885,0.0,0.0
2024-11-13 21:55:13.832239,0.0,0.0
2024-11-13 21:55:13.932716,0.0,0.0
2024-11-13 21:55:14.033244,0.0,0.0
2024-11-13 21:55:14.133486,0.0,0.0
2024-11-13 21:55:14.233848,0.0,0.0
2024-11-13 21:55:14.334729,0.0,0.0
2024-11-13 21:55:14.435016,0.0,0.0
2024-11-13 21:55:14.535547,0.0,0.0
2024-11-13 21:55:14.635630,0.0,0.0
2024-11-13 21:55:14.736201,0.0,0.0
2024-11-13 21:55:14.836479,0.0,0.0
2024-11-13 21:55:14.936961,0.0,0.0
2024-11-13 21:55:15.037373,0.0,0.0
2024-11-13 21:55:15.137873,0.0,0.0
2024-11-13 21:55:15.238223,0.0,0.0
2024-11-13 21:55:15.338956,0.0,0.0
2024-11-13 21:55:15.439305,0.0,0.0
2024-11-13 21:55:15.540428,0.0,0.0
2024-11-13 21:55:15.640382,0.0,0.0
2024-11-13 21:55:15.740625,0.0,0.0
2024-11-13 21:55:15.840947,0.0,0.0
2024-11-13 21:55:15.941551,0.0,0.0
2024-11-13 21:55:16.041900,0.0,0.0
2024-11-13 21:55:16.142321,0.0,0.0
2024-11-13 21:55:16.242970,0.0,0.0
2024-11-13 21:55:16.343466,0.0,0.0
2024-11-13 21:55:16.444165,0.0,0.0
2024-11-13 21:55:16.544506,0.0,0.0
2024-11-13 21:55:16.645057,0.0,0.0
2024-11-13 21:55:16.745276,0.0,0.0
2024-11-13 21:55:16.845909,0.0,0.0
2024-11-13 21:55:16.946453,0.0,0.0
2024-11-13 21:55:17.047249,0.0,0.0
2024-11-13 21:55:17.147662,0.0,0.0
2024-11-13 21:55:17.247706,0.0,0.0
2024-11-13 21:55:17.348198,0.0,0.0
2024-11-13 21:55:17.448732,0.0,0.0
2024-11-13 21:55:17.549163,0.0,0.0
2024-11-13 21:55:17.649688,0.0,0.0
2024-11-13 21:55:17.750145,0.0,0.0
2024-11-13 21:55:17.850675,0.0,0.0
2024-11-13 21:55:17.951265,0.0,0.0
2024-11-13 21:55:18.051425,0.0,0.0
2024-11-13 21:55:18.152942,0.0,0.0
2024-11-13 21:55:18.253367,0.0,0.0
2024-11-13 21:55:18.353295,0.0,0.0
2024-11-13 21:55:18.453852,0.0,0.0
2024-11-13 21:55:18.554272,0.0,0.0
2024-11-13 21:55:18.655019,0.0,0.0
2024-11-13 21:55:18.755324,0.0,0.0
2024-11-13 21:55:18.855960,0.0,0.0
2024-11-13 21:55:18.956768,0.0,0.0
2024-11-13 21:55:19.056827,0.0,0.0
2024-11-13 21:55:19.157527,0.0,0.0
2024-11-13 21:55:19.257755,0.0,0.0
2024-11-13 21:55:19.358655,0.0,0.0
2024-11-13 21:55:19.459000,0.0,0.0
2024-11-13 21:55:19.559503,0.0,0.0
2024-11-13 21:55:19.660055,0.0,0.0
2024-11-13 21:55:19.760625,0.0,0.0
2024-11-13 21:55:19.861531,0.0,0.0
2024-11-13 21:55:19.961621,0.0,0.0
2024-11-13 21:55:20.062080,0.0,0.0
2024-11-13 21:55:20.162444,0.0,0.0
2024-11-13 21:55:20.262899,0.0,0.0
2024-11-13 21:55:20.363589,0.0,0.0
2024-11-13 21:55:20.464070,0.0,0.0
2024-11-13 21:55:20.564949,0.0,0.0
2024-11-13 21:55:20.664706,0.0,0.0
2024-11-13 21:55:20.765227,0.0,0.0
2024-11-13 21:55:20.865488,0.0,0.0
2024-11-13 21:55:20.966218,0.0,0.0
2024-11-13 21:55:21.067134,0.0,0.0
2024-11-13 21:55:21.167352,0.0,0.0
2024-11-13 21:55:21.267790,0.0,0.0
2024-11-13 21:55:21.368223,0.0,0.0
2024-11-13 21:55:21.469030,0.0,0.0
2024-11-13 21:55:21.569157,0.0,0.0
2024-11-13 21:55:21.669823,0.0,0.0
2024-11-13 21:55:21.770594,0.0,0.0
2024-11-13 21:55:21.870745,0.0,0.0
2024-11-13 21:55:21.971409,0.0,0.0
2024-11-13 21:55:22.071590,0.0,0.0
2024-11-13 21:55:22.172634,0.0,0.0
2024-11-13 21:55:22.273439,0.0,0.0
2024-11-13 21:55:22.372722,0.0,0.0
2024-11-13 21:55:22.473399,0.0,0.0
2024-11-13 21:55:22.575240,0.0,0.0
2024-11-13 21:55:22.674464,0.0,0.0
2024-11-13 21:55:22.775378,0.0,0.0
2024-11-13 21:55:22.875290,0.0,0.0
2024-11-13 21:55:22.975736,0.0,0.0
2024-11-13 21:55:23.076018,0.0,0.0
2024-11-13 21:55:23.176439,0.0,0.0
2024-11-13 21:55:23.277053,0.0,0.0
2024-11-13 21:55:23.377803,0.0,0.0
2024-11-13 21:55:23.478145,0.0,0.0
2024-11-13 21:55:23.579658,0.0,0.0
2024-11-13 21:55:23.680433,0.0,0.0
2024-11-13 21:55:23.780011,0.0,0.0
2024-11-13 21:55:23.880726,0.0,0.0
2024-11-13 21:55:23.981131,0.0,0.0
2024-11-13 21:55:24.081142,0.0,0.0
2024-11-13 21:55:24.181558,0.0,0.0
2024-11-13 21:55:24.282186,0.0,0.0
2024-11-13 21:55:24.382695,0.0,0.0
2024-11-13 21:55:24.482873,0.0,0.0
2024-11-13 21:55:24.583742,0.0,0.0
2024-11-13 21:55:24.684454,0.0,0.0
2024-11-13 21:55:24.784538,0.0,0.0
2024-11-13 21:55:24.885508,0.0,0.0
2024-11-13 21:55:24.985721,0.0,0.0
2024-11-13 21:55:25.085911,0.0,0.0
2024-11-13 21:55:25.186146,0.0,0.0
2024-11-13 21:55:25.287451,0.0,0.0
2024-11-13 21:55:25.387140,0.0,0.0
2024-11-13 21:55:25.487640,0.0,0.0
2024-11-13 21:55:25.587881,0.0,0.0
2024-11-13 21:55:25.688220,0.0,0.0
2024-11-13 21:55:25.788743,0.0,0.0
2024-11-13 21:55:25.888903,0.0,0.0
2024-11-13 21:55:25.989507,0.0,0.0
2024-11-13 21:55:26.089865,0.0,0.0
2024-11-13 21:55:26.190851,0.0,0.0
2024-11-13 21:55:26.291377,0.0,0.0
2024-11-13 21:55:26.391890,0.0,0.0
2024-11-13 21:55:26.492423,0.0,0.0
2024-11-13 21:55:26.594033,0.0,0.0
2024-11-13 21:55:26.693055,0.0,0.0
2024-11-13 21:55:26.793893,0.0,0.0
2024-11-13 21:55:26.893864,0.0,0.0
2024-11-13 21:55:26.994519,0.0,0.0
2024-11-13 21:55:27.094749,0.0,0.0
2024-11-13 21:55:27.196054,0.0,0.0
2024-11-13 21:55:27.296189,0.0,0.0
2024-11-13 21:55:27.396665,0.0,0.0
2024-11-13 21:55:27.497073,0.0,0.0
2024-11-13 21:55:27.566594,0.0,0.20000000298023224
2024-11-13 21:55:27.666579,0.0,0.20000000298023224
2024-11-13 21:55:27.767083,0.0,0.20000000298023224
2024-11-13 21:55:27.867922,0.0,0.20000000298023224
2024-11-13 21:55:27.968024,0.0,0.20000000298023224
2024-11-13 21:55:28.068257,0.0,0.20000000298023224
2024-11-13 21:55:28.168831,0.0,0.20000000298023224
2024-11-13 21:55:28.269372,0.0,0.20000000298023224
2024-11-13 21:55:28.370643,0.0,0.20000000298023224
2024-11-13 21:55:28.470546,0.0,0.20000000298023224
2024-11-13 21:55:28.584752,0.0,0.0
2024-11-13 21:55:28.685409,0.0,0.0
2024-11-13 21:55:28.786238,0.0,0.0
2024-11-13 21:55:28.886350,0.0,0.0
2024-11-13 21:55:28.986875,0.0,0.0
2024-11-13 21:55:29.087171,0.0,0.0
2024-11-13 21:55:29.187715,0.0,0.0
2024-11-13 21:55:29.277026,0.0,0.20000000298023224
2024-11-13 21:55:29.377562,0.0,0.20000000298023224
2024-11-13 21:55:29.478414,0.0,0.20000000298023224
2024-11-13 21:55:29.578863,0.0,0.20000000298023224
2024-11-13 21:55:29.679080,0.0,0.20000000298023224
2024-11-13 21:55:29.809257,0.0,0.0
2024-11-13 21:55:29.909119,0.0,0.0
2024-11-13 21:55:30.010100,0.0,0.0
2024-11-13 21:55:30.110239,0.0,0.0
2024-11-13 21:55:30.211354,0.0,0.0
2024-11-13 21:55:30.311613,0.0,0.0
2024-11-13 21:55:30.408467,-1.0,0.0
2024-11-13 21:55:30.508956,-1.0,0.0
2024-11-13 21:55:30.609649,-1.0,0.0
2024-11-13 21:55:30.710125,-1.0,0.0
2024-11-13 21:55:30.810069,-1.0,0.0
2024-11-13 21:55:30.908824,-1.0,0.0
2024-11-13 21:55:30.942256,-1.0,0.0
2024-11-13 21:55:31.042511,-1.0,0.0
2024-11-13 21:55:31.143650,-1.0,0.0
2024-11-13 21:55:31.244361,-1.0,0.0
2024-11-13 21:55:31.345466,-1.0,0.0
2024-11-13 21:55:31.445344,-1.0,0.0
2024-11-13 21:55:31.546021,-1.0,0.0
2024-11-13 21:55:31.647165,-1.0,0.0
2024-11-13 21:55:31.747007,-1.0,0.0
2024-11-13 21:55:31.847780,-1.0,0.0
2024-11-13 21:55:31.948034,-1.0,0.0
2024-11-13 21:55:32.063841,0.0,0.0
2024-11-13 21:55:32.164151,0.0,0.0
2024-11-13 21:55:32.264572,0.0,0.0
2024-11-13 21:55:32.365024,0.0,0.0
2024-11-13 21:55:32.465969,0.0,0.0
2024-11-13 21:55:32.566314,0.0,0.0
2024-11-13 21:55:32.673061,1.0,0.0
2024-11-13 21:55:32.773246,1.0,0.0
2024-11-13 21:55:32.873797,1.0,0.0
2024-11-13 21:55:32.974342,1.0,0.0
2024-11-13 21:55:33.074563,1.0,0.0
2024-11-13 21:55:33.175210,1.0,0.0
2024-11-13 21:55:33.275893,1.0,0.0
2024-11-13 21:55:33.376032,1.0,0.0
2024-11-13 21:55:33.477237,1.0,0.0
2024-11-13 21:55:33.578246,1.0,0.0
2024-11-13 21:55:33.679112,1.0,0.0
2024-11-13 21:55:33.779228,1.0,0.0
2024-11-13 21:55:33.879444,1.0,0.0
2024-11-13 21:55:33.979705,1.0,0.0
2024-11-13 21:55:34.080190,1.0,0.0
2024-11-13 21:55:34.180773,1.0,0.0
2024-11-13 21:55:34.281568,1.0,0.0
2024-11-13 21:55:34.382120,1.0,0.0
2024-11-13 21:55:34.482167,1.0,0.0
2024-11-13 21:55:34.582564,1.0,0.0
2024-11-13 21:55:34.683245,1.0,0.0
2024-11-13 21:55:34.783523,1.0,0.0
2024-11-13 21:55:34.884269,1.0,0.0
2024-11-13 21:55:34.984414,1.0,0.0
2024-11-13 21:55:35.085784,1.0,0.0
2024-11-13 21:55:35.187247,1.0,0.0
2024-11-13 21:55:35.287979,1.0,0.0
2024-11-13 21:55:35.388768,1.0,0.0
2024-11-13 21:55:35.489283,1.0,0.0
2024-11-13 21:55:35.589487,1.0,0.0
2024-11-13 21:55:35.690506,1.0,0.0
2024-11-13 21:55:35.791743,1.0,0.0
2024-11-13 21:55:35.892373,1.0,0.0
2024-11-13 21:55:35.993393,1.0,0.0
2024-11-13 21:55:36.093603,1.0,0.0
2024-11-13 21:55:36.236894,0.0,0.0
2024-11-13 21:55:36.337448,0.0,0.0
2024-11-13 21:55:36.439104,0.0,0.0
2024-11-13 21:55:36.539237,0.0,0.0
2024-11-13 21:55:36.639321,0.0,0.0
2024-11-13 21:55:36.739866,0.0,0.0
2024-11-13 21:55:36.840846,0.0,0.0
2024-11-13 21:55:36.941086,0.0,0.0
2024-11-13 21:55:37.041853,0.0,0.0
2024-11-13 21:55:37.142990,0.0,0.0
2024-11-13 21:55:37.243923,0.0,0.0
2024-11-13 21:55:37.344467,0.0,0.0
2024-11-13 21:55:37.445625,0.0,0.0
2024-11-13 21:55:37.545880,0.0,0.0
2024-11-13 21:55:37.645941,0.0,0.0
2024-11-13 21:55:37.746334,0.0,0.0
2024-11-13 21:55:37.846813,0.0,0.0
2024-11-13 21:55:37.947316,0.0,0.0
2024-11-13 21:55:38.049084,0.0,0.0
2024-11-13 21:55:38.148308,0.0,0.0
2024-11-13 21:55:38.248757,0.0,0.0
2024-11-13 21:55:38.349277,0.0,0.0
2024-11-13 21:55:38.450057,0.0,0.0
2024-11-13 21:55:38.550207,0.0,0.0
2024-11-13 21:55:38.650588,0.0,0.0
2024-11-13 21:55:38.751021,0.0,0.0
2024-11-13 21:55:38.851884,0.0,0.0
2024-11-13 21:55:38.951812,0.0,0.0
2024-11-13 21:55:39.052305,0.0,0.0
2024-11-13 21:55:39.149028,-1.0,0.0
2024-11-13 21:55:39.249707,-1.0,0.0
2024-11-13 21:55:39.350204,-1.0,0.0
2024-11-13 21:55:39.451125,-1.0,0.0
2024-11-13 21:55:39.551430,-1.0,0.0
2024-11-13 21:55:39.652028,-1.0,0.0
2024-11-13 21:55:39.752052,-1.0,0.0
2024-11-13 21:55:39.852793,-1.0,0.0
2024-11-13 21:55:39.940303,1.0,0.0
2024-11-13 21:55:40.040627,1.0,0.0
2024-11-13 21:55:40.142406,1.0,0.0
2024-11-13 21:55:40.241938,1.0,0.0
2024-11-13 21:55:40.342717,1.0,0.0
2024-11-13 21:55:40.440877,1.0,0.0
2024-11-13 21:55:40.561011,1.0,0.0
2024-11-13 21:55:40.651476,1.0,0.0
2024-11-13 21:55:40.742021,1.0,0.0
2024-11-13 21:55:40.862270,1.0,0.0
2024-11-13 21:55:40.952631,1.0,0.0
2024-11-13 21:55:41.045918,1.0,0.0
2024-11-13 21:55:41.165045,1.0,0.0
2024-11-13 21:55:41.256461,1.0,0.0
2024-11-13 21:55:41.287551,1.0,0.0
2024-11-13 21:55:41.387639,1.0,0.0
2024-11-13 21:55:41.488031,1.0,0.0
2024-11-13 21:55:41.589992,1.0,0.0
2024-11-13 21:55:41.688878,1.0,0.0
2024-11-13 21:55:41.793447,1.0,0.0
2024-11-13 21:55:41.891485,1.0,0.0
2024-11-13 21:55:41.990437,1.0,0.0
2024-11-13 21:55:42.132276,0.0,0.0
2024-11-13 21:55:42.234295,0.0,0.0
2024-11-13 21:55:42.333334,0.0,0.0
2024-11-13 21:55:42.452723,0.0,0.20000000298023224
2024-11-13 21:55:42.552808,0.0,0.20000000298023224
2024-11-13 21:55:42.653259,0.0,0.20000000298023224
2024-11-13 21:55:42.754239,0.0,0.20000000298023224
2024-11-13 21:55:42.855650,0.0,0.20000000298023224
2024-11-13 21:55:42.951993,0.0,0.20000000298023224
2024-11-13 21:55:43.076546,0.0,0.20000000298023224
2024-11-13 21:55:43.170164,0.0,0.20000000298023224
2024-11-13 21:55:43.262832,0.0,0.20000000298023224
2024-11-13 21:55:43.357636,0.0,0.20000000298023224
2024-11-13 21:55:43.477932,0.0,0.20000000298023224
2024-11-13 21:55:43.570300,0.0,0.20000000298023224
2024-11-13 21:55:43.666662,0.0,0.20000000298023224
2024-11-13 21:55:43.756661,0.0,0.20000000298023224
2024-11-13 21:55:43.879764,0.0,0.20000000298023224
2024-11-13 21:55:43.911096,0.0,0.20000000298023224
2024-11-13 21:55:44.011647,0.0,0.20000000298023224
2024-11-13 21:55:44.112012,0.0,0.20000000298023224
2024-11-13 21:55:44.253931,0.0,0.0
2024-11-13 21:55:44.354547,0.0,0.0
2024-11-13 21:55:44.455524,0.0,0.0
2024-11-13 21:55:44.532645,1.0,0.0
2024-11-13 21:55:44.633152,1.0,0.0
2024-11-13 21:55:44.734622,1.0,0.0
2024-11-13 21:55:44.834473,1.0,0.0
2024-11-13 21:55:44.934514,1.0,0.0
2024-11-13 21:55:45.034339,1.0,0.0
2024-11-13 21:55:45.133874,1.0,0.0
2024-11-13 21:55:45.234318,1.0,0.0
2024-11-13 21:55:45.334618,1.0,0.0
2024-11-13 21:55:45.434998,1.0,0.0
2024-11-13 21:55:45.536294,1.0,0.0
2024-11-13 21:55:45.636801,1.0,0.0
2024-11-13 21:55:45.736397,1.0,0.0
2024-11-13 21:55:45.837109,1.0,0.0
2024-11-13 21:55:45.938790,1.0,0.0
2024-11-13 21:55:46.038036,1.0,0.0
2024-11-13 21:55:46.138716,1.0,0.0
2024-11-13 21:55:46.239203,1.0,0.0
2024-11-13 21:55:46.339246,1.0,0.0
2024-11-13 21:55:46.408784,0.0,0.0
2024-11-13 21:55:46.508685,0.0,0.0
2024-11-13 21:55:46.609184,0.0,0.0
2024-11-13 21:55:46.793310,-1.0,0.0
2024-11-13 21:55:46.893785,-1.0,0.0
2024-11-13 21:55:46.998809,-1.0,0.0
2024-11-13 21:55:47.098028,-1.0,0.0
2024-11-13 21:55:47.198080,-1.0,0.0
2024-11-13 21:55:47.292746,-1.0,0.0
2024-11-13 21:55:47.387505,-1.0,0.0
2024-11-13 21:55:47.448447,-1.0,0.0
2024-11-13 21:55:47.512713,-1.0,0.0
2024-11-13 21:55:47.613679,-1.0,0.0
2024-11-13 21:55:47.714354,-1.0,0.0
2024-11-13 21:55:47.815556,-1.0,0.0
2024-11-13 21:55:47.915416,-1.0,0.0
2024-11-13 21:55:48.016538,-1.0,0.0
2024-11-13 21:55:48.117444,-1.0,0.0
2024-11-13 21:55:48.218307,-1.0,0.0
2024-11-13 21:55:48.318804,-1.0,0.0
2024-11-13 21:55:48.418799,-1.0,0.0
2024-11-13 21:55:48.519396,-1.0,0.0
2024-11-13 21:55:48.621278,-1.0,0.0
2024-11-13 21:55:48.722347,-1.0,0.0
2024-11-13 21:55:48.822337,-1.0,0.0
2024-11-13 21:55:48.923332,-1.0,0.0
2024-11-13 21:55:49.024571,-1.0,0.0
2024-11-13 21:55:49.123648,-1.0,0.0
2024-11-13 21:55:49.224088,-1.0,0.0
2024-11-13 21:55:49.326288,-1.0,0.0
2024-11-13 21:55:49.425821,-1.0,0.0
2024-11-13 21:55:49.526770,-1.0,0.0
2024-11-13 21:55:49.626267,-1.0,0.0
2024-11-13 21:55:49.726568,-1.0,0.0
2024-11-13 21:55:49.827508,-1.0,0.0
2024-11-13 21:55:49.930030,-1.0,0.0
2024-11-13 21:55:50.030139,-1.0,0.0
2024-11-13 21:55:50.130715,-1.0,0.0
2024-11-13 21:55:50.230835,-1.0,0.0
2024-11-13 21:55:50.331300,-1.0,0.0
2024-11-13 21:55:50.520888,0.0,0.0
2024-11-13 21:55:50.620787,0.0,0.0
2024-11-13 21:55:50.720919,0.0,0.0
2024-11-13 21:55:50.821617,0.0,0.0
2024-11-13 21:55:50.922049,0.0,0.0
2024-11-13 21:55:51.022497,0.0,0.0
2024-11-13 21:55:51.088164,1.0,0.0
2024-11-13 21:55:51.188218,1.0,0.0
2024-11-13 21:55:51.288882,1.0,0.0
2024-11-13 21:55:51.389740,1.0,0.0
2024-11-13 21:55:51.490222,1.0,0.0
2024-11-13 21:55:51.591087,1.0,0.0
2024-11-13 21:55:51.691908,1.0,0.0
2024-11-13 21:55:51.749951,0.0,0.0
2024-11-13 21:55:51.849861,0.0,0.0
2024-11-13 21:55:51.949721,0.0,0.0
2024-11-13 21:55:52.067843,0.0,0.20000000298023224
2024-11-13 21:55:52.168421,0.0,0.20000000298023224
2024-11-13 21:55:52.268259,0.0,0.20000000298023224
2024-11-13 21:55:52.369619,0.0,0.20000000298023224
2024-11-13 21:55:52.469088,0.0,0.20000000298023224
2024-11-13 21:55:52.598858,0.0,0.20000000298023224
2024-11-13 21:55:52.698345,0.0,0.20000000298023224
2024-11-13 21:55:52.798949,0.0,0.20000000298023224
2024-11-13 21:55:52.899560,0.0,0.20000000298023224
2024-11-13 21:55:52.999631,0.0,0.20000000298023224
2024-11-13 21:55:53.100610,0.0,0.20000000298023224
2024-11-13 21:55:53.148164,0.0,0.0
2024-11-13 21:55:53.249739,0.0,0.0
2024-11-13 21:55:53.349573,0.0,0.0
2024-11-13 21:55:53.449283,0.0,0.0
2024-11-13 21:55:53.603234,-1.0,0.0
2024-11-13 21:55:53.704034,-1.0,0.0
2024-11-13 21:55:53.803876,-1.0,0.0
2024-11-13 21:55:53.904217,-1.0,0.0
2024-11-13 21:55:53.996224,0.0,0.0
2024-11-13 21:55:54.096541,0.0,0.0
2024-11-13 21:55:54.197640,0.0,0.0
2024-11-13 21:55:54.328188,1.0,0.0
2024-11-13 21:55:54.428671,1.0,0.0
2024-11-13 21:55:54.528843,1.0,0.0
2024-11-13 21:55:54.630253,1.0,0.0
2024-11-13 21:55:54.730344,1.0,0.0
2024-11-13 21:55:54.844238,0.0,0.0
2024-11-13 21:55:54.945433,0.0,0.0
2024-11-13 21:55:55.045296,0.0,0.0
2024-11-13 21:55:55.146357,0.0,0.0
2024-11-13 21:55:55.200728,-1.0,0.0
2024-11-13 21:55:55.302312,-1.0,0.0
2024-11-13 21:55:55.401469,-1.0,0.0
2024-11-13 21:55:55.501941,-1.0,0.0
2024-11-13 21:55:55.626031,0.0,0.0
2024-11-13 21:55:55.725475,0.0,0.0
2024-11-13 21:55:55.826092,0.0,0.0
2024-11-13 21:55:55.926694,0.0,0.0
2024-11-13 21:55:56.053148,0.0,0.20000000298023224
2024-11-13 21:55:56.153657,0.0,0.20000000298023224
2024-11-13 21:55:56.254283,0.0,0.20000000298023224
2024-11-13 21:55:56.355458,0.0,0.20000000298023224
2024-11-13 21:55:56.456284,0.0,0.20000000298023224
2024-11-13 21:55:56.556657,0.0,0.20000000298023224
2024-11-13 21:55:56.657994,0.0,0.20000000298023224
2024-11-13 21:55:56.672861,0.0,0.0
2024-11-13 21:55:56.773831,0.0,0.0
2024-11-13 21:55:56.876637,0.0,0.0
2024-11-13 21:55:56.975017,0.0,0.0
2024-11-13 21:55:57.076521,0.0,0.0
2024-11-13 21:55:57.180974,0.0,0.0
2024-11-13 21:55:57.276513,0.0,0.0
2024-11-13 21:55:57.453341,-1.0,0.0
2024-11-13 21:55:57.553254,-1.0,0.0
2024-11-13 21:55:57.653312,-1.0,0.0
2024-11-13 21:55:57.754511,-1.0,0.0
2024-11-13 21:55:57.854546,-1.0,0.0
2024-11-13 21:55:57.912134,0.0,0.0
2024-11-13 21:55:58.014614,0.0,0.0
2024-11-13 21:55:58.116294,0.0,0.0
2024-11-13 21:55:58.244525,0.0,0.20000000298023224
2024-11-13 21:55:58.344980,0.0,0.20000000298023224
2024-11-13 21:55:58.445563,0.0,0.20000000298023224
2024-11-13 21:55:58.546021,0.0,0.20000000298023224
2024-11-13 21:55:58.650271,0.0,0.20000000298023224
2024-11-13 21:55:58.755640,0.0,0.0
2024-11-13 21:55:58.856078,0.0,0.0
2024-11-13 21:55:58.956494,0.0,0.0
2024-11-13 21:55:59.057023,0.0,0.0
2024-11-13 21:55:59.157795,0.0,0.0
2024-11-13 21:55:59.258208,0.0,0.0
2024-11-13 21:55:59.358715,0.0,0.0
2024-11-13 21:55:59.459193,0.0,0.0
2024-11-13 21:55:59.559701,0.0,0.0
2024-11-13 21:55:59.659956,0.0,0.0
2024-11-13 21:55:59.760682,0.0,0.0
2024-11-13 21:55:59.861253,0.0,0.0
2024-11-13 21:55:59.961599,0.0,0.0
2024-11-13 21:56:00.062405,0.0,0.0
2024-11-13 21:56:00.136031,0.0,0.20000000298023224
2024-11-13 21:56:00.236426,0.0,0.20000000298023224
2024-11-13 21:56:00.337032,0.0,0.20000000298023224
2024-11-13 21:56:00.437982,0.0,0.20000000298023224
2024-11-13 21:56:00.499811,0.0,0.0
2024-11-13 21:56:00.600115,0.0,0.0
2024-11-13 21:56:00.700585,0.0,0.0
2024-11-13 21:56:00.801025,0.0,0.0
2024-11-13 21:56:00.885584,-1.0,0.0
2024-11-13 21:56:00.987401,-1.0,0.0
2024-11-13 21:56:01.086477,-1.0,0.0
2024-11-13 21:56:01.187526,-1.0,0.0
2024-11-13 21:56:01.288462,-1.0,0.0
2024-11-13 21:56:01.480230,-1.0,0.0
2024-11-13 21:56:01.580438,-1.0,0.0
2024-11-13 21:56:01.681264,-1.0,0.0
2024-11-13 21:56:01.782006,-1.0,0.0
2024-11-13 21:56:01.872963,0.0,0.0
2024-11-13 21:56:01.972765,0.0,0.0
2024-11-13 21:56:02.073371,0.0,0.0
2024-11-13 21:56:02.173846,0.0,0.0
2024-11-13 21:56:02.272113,1.0,0.0
2024-11-13 21:56:02.372611,1.0,0.0
2024-11-13 21:56:02.473755,1.0,0.0
2024-11-13 21:56:02.574460,1.0,0.0
2024-11-13 21:56:02.674787,1.0,0.0
2024-11-13 21:56:02.772189,1.0,0.0
2024-11-13 21:56:02.868031,1.0,0.0
2024-11-13 21:56:02.991074,1.0,0.0
2024-11-13 21:56:03.085222,1.0,0.0
2024-11-13 21:56:03.169228,1.0,0.0
2024-11-13 21:56:03.269103,1.0,0.0
2024-11-13 21:56:03.369898,1.0,0.0
2024-11-13 21:56:03.476752,1.0,0.0
2024-11-13 21:56:03.572131,1.0,0.0
2024-11-13 21:56:03.672845,1.0,0.0
2024-11-13 21:56:03.772951,1.0,0.0
2024-11-13 21:56:03.873818,1.0,0.0
2024-11-13 21:56:03.974695,1.0,0.0
2024-11-13 21:56:04.074695,1.0,0.0
2024-11-13 21:56:04.175278,1.0,0.0
2024-11-13 21:56:04.276248,1.0,0.0
2024-11-13 21:56:04.376300,1.0,0.0
2024-11-13 21:56:04.476445,1.0,0.0
2024-11-13 21:56:04.577971,1.0,0.0
2024-11-13 21:56:04.677477,1.0,0.0
2024-11-13 21:56:04.778078,1.0,0.0
2024-11-13 21:56:04.878692,1.0,0.0
2024-11-13 21:56:04.978869,1.0,0.0
2024-11-13 21:56:05.079789,1.0,0.0
2024-11-13 21:56:05.180490,1.0,0.0
2024-11-13 21:56:05.273677,0.0,0.0
2024-11-13 21:56:05.372923,0.0,0.0
2024-11-13 21:56:05.474207,0.0,0.0
2024-11-13 21:56:05.574830,0.0,0.0
2024-11-13 21:56:05.675875,0.0,0.0
2024-11-13 21:56:05.776198,0.0,0.0
2024-11-13 21:56:05.872826,1.0,0.0
2024-11-13 21:56:05.972694,1.0,0.0
2024-11-13 21:56:06.072924,1.0,0.0
2024-11-13 21:56:06.174364,1.0,0.0
2024-11-13 21:56:06.275102,1.0,0.0
2024-11-13 21:56:06.375792,1.0,0.0
2024-11-13 21:56:06.476207,1.0,0.0
2024-11-13 21:56:06.566654,0.0,0.0
2024-11-13 21:56:06.667838,0.0,0.0
2024-11-13 21:56:06.767573,0.0,0.0
2024-11-13 21:56:06.868542,0.0,0.0
2024-11-13 21:56:06.940041,-1.0,0.0
2024-11-13 21:56:07.043130,-1.0,0.0
2024-11-13 21:56:07.140779,-1.0,0.0
2024-11-13 21:56:07.247134,-1.0,0.0
2024-11-13 21:56:07.348218,-1.0,0.0
2024-11-13 21:56:07.502517,-1.0,0.0
2024-11-13 21:56:07.590976,-1.0,0.0
2024-11-13 21:56:07.713688,-1.0,0.0
2024-11-13 21:56:07.805256,-1.0,0.0
2024-11-13 21:56:07.895634,-1.0,0.0
2024-11-13 21:56:08.016423,-1.0,0.0
2024-11-13 21:56:08.108184,-1.0,0.0
2024-11-13 21:56:08.199864,-1.0,0.0
2024-11-13 21:56:08.325694,-1.0,0.0
2024-11-13 21:56:08.414100,-1.0,0.0
2024-11-13 21:56:08.506334,-1.0,0.0
2024-11-13 21:56:08.601249,-1.0,0.0
2024-11-13 21:56:08.720253,-1.0,0.0
2024-11-13 21:56:08.820051,-1.0,0.0
2024-11-13 21:56:08.920354,-1.0,0.0
2024-11-13 21:56:09.020608,-1.0,0.0
2024-11-13 21:56:09.121754,-1.0,0.0
2024-11-13 21:56:09.221837,-1.0,0.0
2024-11-13 21:56:09.304855,0.0,0.0
2024-11-13 21:56:09.405610,0.0,0.0
2024-11-13 21:56:09.504608,0.0,0.0
2024-11-13 21:56:09.605579,0.0,0.0
2024-11-13 21:56:09.705542,0.0,0.0
2024-11-13 21:56:09.768015,0.0,0.20000000298023224
2024-11-13 21:56:09.867918,0.0,0.20000000298023224
2024-11-13 21:56:09.969390,0.0,0.20000000298023224
2024-11-13 21:56:10.075554,0.0,0.20000000298023224
2024-11-13 21:56:10.170809,0.0,0.20000000298023224
2024-11-13 21:56:10.329756,0.0,0.20000000298023224
2024-11-13 21:56:10.418074,0.0,0.20000000298023224
2024-11-13 21:56:10.518642,0.0,0.20000000298023224
2024-11-13 21:56:10.625948,0.0,0.20000000298023224
2024-11-13 21:56:10.722498,0.0,0.20000000298023224
2024-11-13 21:56:10.820029,0.0,0.20000000298023224
2024-11-13 21:56:10.920440,0.0,0.20000000298023224
2024-11-13 21:56:11.021196,0.0,0.20000000298023224
2024-11-13 21:56:11.121163,0.0,0.20000000298023224
2024-11-13 21:56:11.221946,0.0,0.20000000298023224
2024-11-13 21:56:11.331477,0.0,0.0
2024-11-13 21:56:11.431848,0.0,0.0
2024-11-13 21:56:11.532274,0.0,0.0
2024-11-13 21:56:11.632688,0.0,0.0
2024-11-13 21:56:11.733584,0.0,0.0
2024-11-13 21:56:11.833283,0.0,0.0
2024-11-13 21:56:11.933720,0.0,0.0
2024-11-13 21:56:12.034662,0.0,0.0
2024-11-13 21:56:12.134731,0.0,0.0
2024-11-13 21:56:12.235252,0.0,0.0
2024-11-13 21:56:12.335596,0.0,0.0
2024-11-13 21:56:12.435903,0.0,0.0
2024-11-13 21:56:12.536380,0.0,0.0
2024-11-13 21:56:12.637498,0.0,0.0
2024-11-13 21:56:12.738202,0.0,0.0
2024-11-13 21:56:12.838727,0.0,0.0
2024-11-13 21:56:12.938843,0.0,0.0
2024-11-13 21:56:13.040208,0.0,0.0
2024-11-13 21:56:13.140788,0.0,0.0
2024-11-13 21:56:13.240326,0.0,0.0
2024-11-13 21:56:13.341715,0.0,0.0
2024-11-13 21:56:13.441182,0.0,0.0
2024-11-13 21:56:13.541972,0.0,0.0
2024-11-13 21:56:13.642800,0.0,0.0
2024-11-13 21:56:13.742886,0.0,0.0
2024-11-13 21:56:13.844017,0.0,0.0
2024-11-13 21:56:13.900251,0.0,0.20000000298023224
2024-11-13 21:56:14.000756,0.0,0.20000000298023224
2024-11-13 21:56:14.100792,0.0,0.20000000298023224
2024-11-13 21:56:14.201632,0.0,0.20000000298023224
2024-11-13 21:56:14.301716,0.0,0.20000000298023224
2024-11-13 21:56:14.403303,0.0,0.20000000298023224
2024-11-13 21:56:14.547519,0.0,0.0
2024-11-13 21:56:14.650567,0.0,0.0
2024-11-13 21:56:14.749438,0.0,0.0
2024-11-13 21:56:14.850683,0.0,0.0
2024-11-13 21:56:14.949918,0.0,0.0
2024-11-13 21:56:15.050948,0.0,0.0
2024-11-13 21:56:15.151150,0.0,0.0
2024-11-13 21:56:15.251841,0.0,0.0
2024-11-13 21:56:15.299695,0.0,0.20000000298023224
2024-11-13 21:56:15.401001,0.0,0.20000000298023224
2024-11-13 21:56:15.500478,0.0,0.20000000298023224
2024-11-13 21:56:15.660834,0.0,0.0
2024-11-13 21:56:15.760616,0.0,0.0
2024-11-13 21:56:15.861740,0.0,0.0
2024-11-13 21:56:15.961495,0.0,0.0
2024-11-13 21:56:16.063023,0.0,0.0
2024-11-13 21:56:16.091900,-1.0,0.0
2024-11-13 21:56:16.191996,-1.0,0.0
2024-11-13 21:56:16.292857,-1.0,0.0
2024-11-13 21:56:16.394167,-1.0,0.0
2024-11-13 21:56:16.493515,-1.0,0.0
2024-11-13 21:56:16.593710,-1.0,0.0
2024-11-13 21:56:16.697903,0.0,0.0
2024-11-13 21:56:16.798017,0.0,0.0
2024-11-13 21:56:16.897182,0.0,0.0
2024-11-13 21:56:16.997467,0.0,0.0
2024-11-13 21:56:17.097410,0.0,0.0
2024-11-13 21:56:17.198248,0.0,0.0
2024-11-13 21:56:17.302867,0.0,0.0
2024-11-13 21:56:17.436998,1.0,0.0
2024-11-13 21:56:17.532770,1.0,0.0
2024-11-13 21:56:17.633232,1.0,0.0
2024-11-13 21:56:17.733735,1.0,0.0
2024-11-13 21:56:17.834472,1.0,0.0
2024-11-13 21:56:17.961418,1.0,0.0
2024-11-13 21:56:18.051574,1.0,0.0
2024-11-13 21:56:18.173037,1.0,0.0
2024-11-13 21:56:18.263118,1.0,0.0
2024-11-13 21:56:18.323722,1.0,0.0
2024-11-13 21:56:18.424260,1.0,0.0
2024-11-13 21:56:18.563510,1.0,0.0
2024-11-13 21:56:18.664420,1.0,0.0
2024-11-13 21:56:18.764690,1.0,0.0
2024-11-13 21:56:18.865187,1.0,0.0
2024-11-13 21:56:18.966423,1.0,0.0
2024-11-13 21:56:19.066355,1.0,0.0
2024-11-13 21:56:19.166508,1.0,0.0
2024-11-13 21:56:19.267428,1.0,0.0
2024-11-13 21:56:19.367434,1.0,0.0
2024-11-13 21:56:19.468234,1.0,0.0
2024-11-13 21:56:19.584364,0.0,0.0
2024-11-13 21:56:19.685218,0.0,0.0
2024-11-13 21:56:19.785488,0.0,0.0
2024-11-13 21:56:19.886002,0.0,0.0
2024-11-13 21:56:19.986649,0.0,0.0
2024-11-13 21:56:20.064691,-1.0,0.0
2024-11-13 21:56:20.164058,-1.0,0.0
2024-11-13 21:56:20.265261,-1.0,0.0
2024-11-13 21:56:20.365782,-1.0,0.0
2024-11-13 21:56:20.465203,-1.0,0.0
2024-11-13 21:56:20.566098,-1.0,0.0
2024-11-13 21:56:20.667091,-1.0,0.0
2024-11-13 21:56:20.767231,-1.0,0.0
2024-11-13 21:56:20.866896,-1.0,0.0
2024-11-13 21:56:20.967094,-1.0,0.0
2024-11-13 21:56:21.067938,-1.0,0.0
2024-11-13 21:56:21.168901,-1.0,0.0
2024-11-13 21:56:21.268662,-1.0,0.0
2024-11-13 21:56:21.368823,-1.0,0.0
2024-11-13 21:56:21.469418,-1.0,0.0
2024-11-13 21:56:21.570240,-1.0,0.0
2024-11-13 21:56:21.670904,-1.0,0.0
2024-11-13 21:56:21.772110,-1.0,0.0
2024-11-13 21:56:21.871557,-1.0,0.0
2024-11-13 21:56:21.971819,-1.0,0.0
2024-11-13 21:56:22.072771,-1.0,0.0
2024-11-13 21:56:22.173596,-1.0,0.0
2024-11-13 21:56:22.274004,-1.0,0.0
2024-11-13 21:56:22.375392,-1.0,0.0
2024-11-13 21:56:22.476110,-1.0,0.0
2024-11-13 21:56:22.576744,-1.0,0.0
2024-11-13 21:56:22.676591,-1.0,0.0
2024-11-13 21:56:22.777546,-1.0,0.0
2024-11-13 21:56:22.878249,-1.0,0.0
2024-11-13 21:56:22.970325,-1.0,0.0
2024-11-13 21:56:23.070902,-1.0,0.0
2024-11-13 21:56:23.171374,-1.0,0.0
2024-11-13 21:56:23.271933,-1.0,0.0
2024-11-13 21:56:23.371714,-1.0,0.0
2024-11-13 21:56:23.472244,-1.0,0.0
2024-11-13 21:56:23.524279,0.0,0.0
2024-11-13 21:56:23.626811,0.0,0.0
2024-11-13 21:56:23.725420,0.0,0.0
2024-11-13 21:56:23.871354,0.0,0.20000000298023224
2024-11-13 21:56:23.971394,0.0,0.20000000298023224
2024-11-13 21:56:24.072294,0.0,0.20000000298023224
2024-11-13 21:56:24.172248,0.0,0.20000000298023224
2024-11-13 21:56:24.272693,0.0,0.20000000298023224
2024-11-13 21:56:24.373263,0.0,0.20000000298023224
2024-11-13 21:56:24.473628,0.0,0.20000000298023224
2024-11-13 21:56:24.547218,0.0,0.0
2024-11-13 21:56:24.647540,0.0,0.0
2024-11-13 21:56:24.747745,0.0,0.0
2024-11-13 21:56:24.848934,0.0,0.0
2024-11-13 21:56:24.949463,0.0,0.0
2024-11-13 21:56:25.027445,0.0,0.20000000298023224
2024-11-13 21:56:25.128775,0.0,0.20000000298023224
2024-11-13 21:56:25.229514,0.0,0.20000000298023224
2024-11-13 21:56:25.329157,0.0,0.20000000298023224
2024-11-13 21:56:25.428828,0.0,0.20000000298023224
2024-11-13 21:56:25.592434,0.0,0.0
2024-11-13 21:56:25.691631,0.0,0.0
2024-11-13 21:56:25.791974,0.0,0.0
2024-11-13 21:56:25.892562,0.0,0.0
2024-11-13 21:56:25.993049,0.0,0.0
2024-11-13 21:56:26.099580,0.0,0.20000000298023224
2024-11-13 21:56:26.200326,0.0,0.20000000298023224
2024-11-13 21:56:26.301768,0.0,0.20000000298023224
2024-11-13 21:56:26.402085,0.0,0.20000000298023224
2024-11-13 21:56:26.502007,0.0,0.20000000298023224
2024-11-13 21:56:26.602500,0.0,0.20000000298023224
2024-11-13 21:56:26.688052,0.0,0.0
2024-11-13 21:56:26.787997,0.0,0.0
2024-11-13 21:56:26.889449,0.0,0.0
2024-11-13 21:56:26.989057,0.0,0.0
2024-11-13 21:56:27.089987,0.0,0.0
2024-11-13 21:56:27.190784,0.0,0.0
2024-11-13 21:56:27.290682,0.0,0.0
2024-11-13 21:56:27.391866,0.0,0.0
2024-11-13 21:56:27.491328,0.0,0.0
2024-11-13 21:56:27.591630,0.0,0.0
2024-11-13 21:56:27.696549,0.0,0.20000000298023224
2024-11-13 21:56:27.796801,0.0,0.20000000298023224
2024-11-13 21:56:27.897168,0.0,0.20000000298023224
2024-11-13 21:56:27.997947,0.0,0.20000000298023224
2024-11-13 21:56:28.108417,0.0,0.0
2024-11-13 21:56:28.208841,0.0,0.0
2024-11-13 21:56:28.308811,0.0,0.0
2024-11-13 21:56:28.410715,0.0,0.0
2024-11-13 21:56:28.510732,0.0,0.0
2024-11-13 21:56:28.610873,0.0,0.0
2024-11-13 21:56:28.651554,-1.0,0.0
2024-11-13 21:56:28.751701,-1.0,0.0
2024-11-13 21:56:28.852192,-1.0,0.0
2024-11-13 21:56:28.952515,-1.0,0.0
2024-11-13 21:56:29.052864,-1.0,0.0
2024-11-13 21:56:29.210980,-1.0,0.0
2024-11-13 21:56:29.333951,-1.0,0.0
2024-11-13 21:56:29.424442,-1.0,0.0
2024-11-13 21:56:29.516285,-1.0,0.0
2024-11-13 21:56:29.639496,-1.0,0.0
2024-11-13 21:56:29.731724,-1.0,0.0
2024-11-13 21:56:29.794795,-1.0,0.0
2024-11-13 21:56:29.895101,-1.0,0.0
2024-11-13 21:56:29.995359,-1.0,0.0
2024-11-13 21:56:30.096193,-1.0,0.0
2024-11-13 21:56:30.202170,-1.0,0.0
2024-11-13 21:56:30.296601,-1.0,0.0
2024-11-13 21:56:30.396915,-1.0,0.0
2024-11-13 21:56:30.497476,-1.0,0.0
2024-11-13 21:56:30.598526,-1.0,0.0
2024-11-13 21:56:30.671124,0.0,0.0
2024-11-13 21:56:30.772577,0.0,0.0
2024-11-13 21:56:30.871181,0.0,0.0
2024-11-13 21:56:30.973233,0.0,0.0
2024-11-13 21:56:31.073791,0.0,0.0
2024-11-13 21:56:31.174135,0.0,0.0
2024-11-13 21:56:31.275245,0.0,0.0
2024-11-13 21:56:31.375384,0.0,0.0
2024-11-13 21:56:31.475673,0.0,0.0
2024-11-13 21:56:31.575550,0.0,0.0
2024-11-13 21:56:31.681031,1.0,0.0
2024-11-13 21:56:31.780973,1.0,0.0
2024-11-13 21:56:31.881488,1.0,0.0
2024-11-13 21:56:31.982177,1.0,0.0
2024-11-13 21:56:32.127880,0.0,0.0
2024-11-13 21:56:32.227689,0.0,0.0
2024-11-13 21:56:32.328892,0.0,0.0
2024-11-13 21:56:32.430036,0.0,0.0
2024-11-13 21:56:32.531188,0.0,0.0
2024-11-13 21:56:32.630793,0.0,0.0
2024-11-13 21:56:32.663375,0.0,0.20000000298023224
2024-11-13 21:56:32.763653,0.0,0.20000000298023224
2024-11-13 21:56:32.864402,0.0,0.20000000298023224
2024-11-13 21:56:32.966522,0.0,0.20000000298023224
2024-11-13 21:56:33.163649,0.0,0.20000000298023224
2024-11-13 21:56:33.253837,0.0,0.20000000298023224
2024-11-13 21:56:33.343530,0.0,0.20000000298023224
2024-11-13 21:56:33.463486,0.0,0.20000000298023224
2024-11-13 21:56:33.555122,0.0,0.20000000298023224
2024-11-13 21:56:33.645885,0.0,0.20000000298023224
2024-11-13 21:56:33.767679,0.0,0.20000000298023224
2024-11-13 21:56:33.856760,0.0,0.20000000298023224
2024-11-13 21:56:33.949406,0.0,0.20000000298023224
2024-11-13 21:56:34.069613,0.0,0.20000000298023224
2024-11-13 21:56:34.161253,0.0,0.20000000298023224
2024-11-13 21:56:34.253087,0.0,0.20000000298023224
2024-11-13 21:56:34.373752,0.0,0.20000000298023224
2024-11-13 21:56:34.466916,0.0,0.20000000298023224
2024-11-13 21:56:34.560651,0.0,0.20000000298023224
2024-11-13 21:56:34.678425,0.0,0.20000000298023224
2024-11-13 21:56:34.771173,0.0,0.20000000298023224
2024-11-13 21:56:34.871465,0.0,0.20000000298023224
2024-11-13 21:56:34.971331,0.0,0.20000000298023224
2024-11-13 21:56:35.071512,0.0,0.20000000298023224
2024-11-13 21:56:35.127846,0.0,0.0
2024-11-13 21:56:35.229203,0.0,0.0
2024-11-13 21:56:35.329613,0.0,0.0
2024-11-13 21:56:35.430615,0.0,0.0
2024-11-13 21:56:35.531466,0.0,0.0
2024-11-13 21:56:35.631618,0.0,0.0
2024-11-13 21:56:35.768268,1.0,0.0
2024-11-13 21:56:35.867357,1.0,0.0
2024-11-13 21:56:35.968154,1.0,0.0
2024-11-13 21:56:36.068578,1.0,0.0
2024-11-13 21:56:36.169222,1.0,0.0
2024-11-13 21:56:36.267367,1.0,0.0
2024-11-13 21:56:36.362842,1.0,0.0
2024-11-13 21:56:36.486334,1.0,0.0
2024-11-13 21:56:36.579169,1.0,0.0
2024-11-13 21:56:36.671649,1.0,0.0
2024-11-13 21:56:36.798080,1.0,0.0
2024-11-13 21:56:36.890367,1.0,0.0
2024-11-13 21:56:36.983322,1.0,0.0
2024-11-13 21:56:37.079588,1.0,0.0
2024-11-13 21:56:37.198545,1.0,0.0
2024-11-13 21:56:37.291115,1.0,0.0
2024-11-13 21:56:37.383664,1.0,0.0
2024-11-13 21:56:37.476479,1.0,0.0
2024-11-13 21:56:37.600811,1.0,0.0
2024-11-13 21:56:37.693384,1.0,0.0
2024-11-13 21:56:37.784913,1.0,0.0
2024-11-13 21:56:37.878739,1.0,0.0
2024-11-13 21:56:38.000568,1.0,0.0
2024-11-13 21:56:38.095889,1.0,0.0
2024-11-13 21:56:38.186025,1.0,0.0
2024-11-13 21:56:38.279344,1.0,0.0
2024-11-13 21:56:38.403315,1.0,0.0
2024-11-13 21:56:38.495772,1.0,0.0
2024-11-13 21:56:38.590161,1.0,0.0
2024-11-13 21:56:38.683248,1.0,0.0
2024-11-13 21:56:38.804851,1.0,0.0
2024-11-13 21:56:38.898779,1.0,0.0
2024-11-13 21:56:38.992757,1.0,0.0
2024-11-13 21:56:39.083774,1.0,0.0
2024-11-13 21:56:39.207472,1.0,0.0
2024-11-13 21:56:39.300630,1.0,0.0
2024-11-13 21:56:39.401307,1.0,0.0
2024-11-13 21:56:39.501617,1.0,0.0
2024-11-13 21:56:39.515749,0.0,0.0
2024-11-13 21:56:39.616298,0.0,0.0
2024-11-13 21:56:39.717235,0.0,0.0
2024-11-13 21:56:39.817840,0.0,0.0
2024-11-13 21:56:39.918083,0.0,0.0
2024-11-13 21:56:40.018770,0.0,0.0
2024-11-13 21:56:40.119264,0.0,0.0
2024-11-13 21:56:40.272148,0.0,0.20000000298023224
2024-11-13 21:56:40.371964,0.0,0.20000000298023224
2024-11-13 21:56:40.472382,0.0,0.20000000298023224
2024-11-13 21:56:40.572907,0.0,0.20000000298023224
2024-11-13 21:56:40.673574,0.0,0.20000000298023224
2024-11-13 21:56:40.801546,0.0,0.20000000298023224
2024-11-13 21:56:40.892038,0.0,0.20000000298023224
2024-11-13 21:56:41.012765,0.0,0.20000000298023224
2024-11-13 21:56:41.104473,0.0,0.20000000298023224
2024-11-13 21:56:41.194901,0.0,0.20000000298023224
2024-11-13 21:56:41.315663,0.0,0.20000000298023224
2024-11-13 21:56:41.408234,0.0,0.20000000298023224
2024-11-13 21:56:41.497808,0.0,0.20000000298023224
2024-11-13 21:56:41.622278,0.0,0.20000000298023224
2024-11-13 21:56:41.713788,0.0,0.20000000298023224
2024-11-13 21:56:41.807768,0.0,0.20000000298023224
2024-11-13 21:56:41.898096,0.0,0.20000000298023224
2024-11-13 21:56:42.022711,0.0,0.20000000298023224
2024-11-13 21:56:42.116030,0.0,0.20000000298023224
2024-11-13 21:56:42.205572,0.0,0.20000000298023224
2024-11-13 21:56:42.299523,0.0,0.20000000298023224
2024-11-13 21:56:42.423332,0.0,0.20000000298023224
2024-11-13 21:56:42.515937,0.0,0.20000000298023224
2024-11-13 21:56:42.546318,0.0,0.20000000298023224
2024-11-13 21:56:42.646932,0.0,0.20000000298023224
2024-11-13 21:56:42.747168,0.0,0.20000000298023224
2024-11-13 21:56:42.842118,0.0,0.0
2024-11-13 21:56:42.941849,0.0,0.0
2024-11-13 21:56:43.041030,0.0,0.0
2024-11-13 21:56:43.142205,0.0,0.0
2024-11-13 21:56:43.288565,-1.0,0.0
2024-11-13 21:56:43.388954,-1.0,0.0
2024-11-13 21:56:43.488654,-1.0,0.0
2024-11-13 21:56:43.540831,-1.0,0.0
2024-11-13 21:56:43.640954,-1.0,0.0
2024-11-13 21:56:43.839448,1.0,0.0
2024-11-13 21:56:43.938451,1.0,0.0
2024-11-13 21:56:44.038375,1.0,0.0
2024-11-13 21:56:44.093655,1.0,0.0
2024-11-13 21:56:44.193841,1.0,0.0
2024-11-13 21:56:44.295216,1.0,0.0
2024-11-13 21:56:44.395920,1.0,0.0
2024-11-13 21:56:44.496636,1.0,0.0
2024-11-13 21:56:44.623864,1.0,0.0
2024-11-13 21:56:44.745392,1.0,0.0
2024-11-13 21:56:44.775587,1.0,0.0
2024-11-13 21:56:44.876157,1.0,0.0
2024-11-13 21:56:44.982850,1.0,0.0
2024-11-13 21:56:45.078170,1.0,0.0
2024-11-13 21:56:45.179241,1.0,0.0
2024-11-13 21:56:45.279902,1.0,0.0
2024-11-13 21:56:45.381288,1.0,0.0
2024-11-13 21:56:45.481149,1.0,0.0
2024-11-13 21:56:45.583644,1.0,0.0
2024-11-13 21:56:45.682125,1.0,0.0
2024-11-13 21:56:45.825335,0.0,0.0
2024-11-13 21:56:45.927562,0.0,0.0
2024-11-13 21:56:46.025488,0.0,0.0
2024-11-13 21:56:46.127605,0.0,0.0
2024-11-13 21:56:46.204962,0.0,0.20000000298023224
2024-11-13 21:56:46.305371,0.0,0.20000000298023224
2024-11-13 21:56:46.405379,0.0,0.20000000298023224
2024-11-13 21:56:46.506229,0.0,0.20000000298023224
2024-11-13 21:56:46.606136,0.0,0.20000000298023224
2024-11-13 21:56:46.735477,0.0,0.20000000298023224
2024-11-13 21:56:46.857795,0.0,0.20000000298023224
2024-11-13 21:56:46.949547,0.0,0.20000000298023224
2024-11-13 21:56:47.011185,0.0,0.20000000298023224
2024-11-13 21:56:47.110938,0.0,0.20000000298023224
2024-11-13 21:56:47.211207,0.0,0.20000000298023224
2024-11-13 21:56:47.312123,0.0,0.20000000298023224
2024-11-13 21:56:47.412066,0.0,0.20000000298023224
2024-11-13 21:56:47.512688,0.0,0.20000000298023224
2024-11-13 21:56:47.612862,0.0,0.20000000298023224
2024-11-13 21:56:47.713250,0.0,0.20000000298023224
2024-11-13 21:56:47.815141,0.0,0.20000000298023224
2024-11-13 21:56:47.914804,0.0,0.20000000298023224
2024-11-13 21:56:48.014866,0.0,0.20000000298023224
2024-11-13 21:56:48.116351,0.0,0.20000000298023224
2024-11-13 21:56:48.216648,0.0,0.20000000298023224
2024-11-13 21:56:48.316068,0.0,0.20000000298023224
2024-11-13 21:56:48.417290,0.0,0.20000000298023224
2024-11-13 21:56:48.518754,0.0,0.20000000298023224
2024-11-13 21:56:48.618342,0.0,0.20000000298023224
2024-11-13 21:56:48.720057,0.0,0.20000000298023224
2024-11-13 21:56:48.820123,0.0,0.20000000298023224
2024-11-13 21:56:48.920159,0.0,0.20000000298023224
2024-11-13 21:56:49.021547,0.0,0.20000000298023224
2024-11-13 21:56:49.120775,0.0,0.20000000298023224
2024-11-13 21:56:49.220555,0.0,0.20000000298023224
2024-11-13 21:56:49.321261,0.0,0.20000000298023224
2024-11-13 21:56:49.422261,0.0,0.20000000298023224
2024-11-13 21:56:49.522344,0.0,0.20000000298023224
2024-11-13 21:56:49.650333,0.0,0.0
2024-11-13 21:56:49.751143,0.0,0.0
2024-11-13 21:56:49.851285,0.0,0.0
2024-11-13 21:56:49.952320,0.0,0.0
2024-11-13 21:56:50.053499,0.0,0.0
2024-11-13 21:56:50.153403,0.0,0.0
2024-11-13 21:56:50.253732,0.0,0.0
2024-11-13 21:56:50.354646,0.0,0.0
2024-11-13 21:56:50.443590,1.0,0.0
2024-11-13 21:56:50.542344,1.0,0.0
2024-11-13 21:56:50.642859,1.0,0.0
2024-11-13 21:56:50.743650,1.0,0.0
2024-11-13 21:56:50.844367,1.0,0.0
2024-11-13 21:56:50.945007,1.0,0.0
2024-11-13 21:56:51.045497,1.0,0.0
2024-11-13 21:56:51.145566,1.0,0.0
2024-11-13 21:56:51.246244,1.0,0.0
2024-11-13 21:56:51.347317,1.0,0.0
2024-11-13 21:56:51.446865,1.0,0.0
2024-11-13 21:56:51.547544,1.0,0.0
2024-11-13 21:56:51.648216,1.0,0.0
2024-11-13 21:56:51.748955,1.0,0.0
2024-11-13 21:56:51.849310,1.0,0.0
2024-11-13 21:56:51.949639,1.0,0.0
2024-11-13 21:56:52.049630,1.0,0.0
2024-11-13 21:56:52.151347,1.0,0.0
2024-11-13 21:56:52.287680,0.0,0.0
2024-11-13 21:56:52.387989,0.0,0.0
2024-11-13 21:56:52.487741,0.0,0.0
2024-11-13 21:56:52.555427,-1.0,0.0
2024-11-13 21:56:52.655961,-1.0,0.0
2024-11-13 21:56:52.756374,-1.0,0.0
2024-11-13 21:56:52.856831,-1.0,0.0
2024-11-13 21:56:52.958009,-1.0,0.0
2024-11-13 21:56:53.086710,-1.0,0.0
2024-11-13 21:56:53.182255,-1.0,0.0
2024-11-13 21:56:53.278077,-1.0,0.0
2024-11-13 21:56:53.368134,-1.0,0.0
2024-11-13 21:56:53.494273,-1.0,0.0
2024-11-13 21:56:53.585956,-1.0,0.0
2024-11-13 21:56:53.679731,-1.0,0.0
2024-11-13 21:56:53.774749,-1.0,0.0
2024-11-13 21:56:53.897995,-1.0,0.0
2024-11-13 21:56:53.989331,-1.0,0.0
2024-11-13 21:56:54.081037,-1.0,0.0
2024-11-13 21:56:54.175653,-1.0,0.0
2024-11-13 21:56:54.299363,-1.0,0.0
2024-11-13 21:56:54.401338,-1.0,0.0
2024-11-13 21:56:54.485343,-1.0,0.0
2024-11-13 21:56:54.579970,-1.0,0.0
2024-11-13 21:56:54.701146,-1.0,0.0
2024-11-13 21:56:54.796648,-1.0,0.0
2024-11-13 21:56:54.887077,-1.0,0.0
2024-11-13 21:56:54.980190,-1.0,0.0
2024-11-13 21:56:55.103705,-1.0,0.0
2024-11-13 21:56:55.195674,-1.0,0.0
2024-11-13 21:56:55.288456,-1.0,0.0
2024-11-13 21:56:55.380259,-1.0,0.0
2024-11-13 21:56:55.506180,-1.0,0.0
2024-11-13 21:56:55.599076,-1.0,0.0
2024-11-13 21:56:55.689874,-1.0,0.0
2024-11-13 21:56:55.784400,-1.0,0.0
2024-11-13 21:56:55.905024,-1.0,0.0
2024-11-13 21:56:56.006013,-1.0,0.0
2024-11-13 21:56:56.090617,-1.0,0.0
2024-11-13 21:56:56.184954,-1.0,0.0
2024-11-13 21:56:56.304760,-1.0,0.0
2024-11-13 21:56:56.404755,-1.0,0.0
2024-11-13 21:56:56.505357,-1.0,0.0
2024-11-13 21:56:56.605781,-1.0,0.0
2024-11-13 21:56:56.665381,0.0,0.0
2024-11-13 21:56:56.764560,0.0,0.0
2024-11-13 21:56:56.865422,0.0,0.0
2024-11-13 21:56:56.965349,0.0,0.0
2024-11-13 21:56:57.066060,0.0,0.0
2024-11-13 21:56:57.166395,0.0,0.0
2024-11-13 21:56:57.267987,0.0,0.0
2024-11-13 21:56:57.368016,0.0,0.0
2024-11-13 21:56:57.467589,0.0,0.0
2024-11-13 21:56:57.567916,0.0,0.0
2024-11-13 21:56:57.668886,0.0,0.0
2024-11-13 21:56:57.769977,0.0,0.0
2024-11-13 21:56:57.869613,0.0,0.0
2024-11-13 21:56:57.971714,0.0,0.0
2024-11-13 21:56:58.070487,0.0,0.0
2024-11-13 21:56:58.171153,0.0,0.0
2024-11-13 21:56:58.272120,0.0,0.0
2024-11-13 21:56:58.372629,0.0,0.0
2024-11-13 21:56:58.472798,0.0,0.0
2024-11-13 21:56:58.572339,0.0,0.0
2024-11-13 21:56:58.672834,0.0,0.0
2024-11-13 21:56:58.773958,0.0,0.0
2024-11-13 21:56:58.873919,0.0,0.0
2024-11-13 21:56:58.982464,0.0,0.0
2024-11-13 21:56:59.076079,0.0,0.0
2024-11-13 21:56:59.175943,0.0,0.0
2024-11-13 21:56:59.276555,0.0,0.0
2024-11-13 21:56:59.376953,0.0,0.0
2024-11-13 21:56:59.478603,0.0,0.0
2024-11-13 21:56:59.577948,0.0,0.0
2024-11-13 21:56:59.678519,0.0,0.0
2024-11-13 21:56:59.779351,0.0,0.0
2024-11-13 21:56:59.879247,0.0,0.0
2024-11-13 21:56:59.979889,0.0,0.0
2024-11-13 21:57:00.079959,0.0,0.0
2024-11-13 21:57:00.180334,0.0,0.0
2024-11-13 21:57:00.284155,0.0,0.0
2024-11-13 21:57:00.382424,0.0,0.0
2024-11-13 21:57:00.489229,0.0,0.0
2024-11-13 21:57:00.590282,0.0,0.0
2024-11-13 21:57:00.683419,0.0,0.0
2024-11-13 21:57:00.783746,0.0,0.0
2024-11-13 21:57:00.884811,0.0,0.0
2024-11-13 21:57:00.986112,0.0,0.0
2024-11-13 21:57:01.086224,0.0,0.0
2024-11-13 21:57:01.187111,0.0,0.0
2024-11-13 21:57:01.287620,0.0,0.0
2024-11-13 21:57:01.387821,0.0,0.0
2024-11-13 21:57:01.488141,0.0,0.0
2024-11-13 21:57:01.588803,0.0,0.0
2024-11-13 21:57:01.690768,0.0,0.0
2024-11-13 21:57:01.791994,0.0,0.0
2024-11-13 21:57:01.892092,0.0,0.0
2024-11-13 21:57:01.993215,0.0,0.0
2024-11-13 21:57:02.094347,0.0,0.0
2024-11-13 21:57:02.194881,0.0,0.0
2024-11-13 21:57:02.295884,0.0,0.0
2024-11-13 21:57:02.396245,0.0,0.0
2024-11-13 21:57:02.496742,0.0,0.0
2024-11-13 21:57:02.598108,0.0,0.0
2024-11-13 21:57:02.698832,0.0,0.0
2024-11-13 21:57:02.799191,0.0,0.0
2024-11-13 21:57:02.899908,0.0,0.0
2024-11-13 21:57:03.000663,0.0,0.0
2024-11-13 21:57:03.101118,0.0,0.0
2024-11-13 21:57:03.202973,0.0,0.0
2024-11-13 21:57:03.303757,0.0,0.0
2024-11-13 21:57:03.407839,0.0,0.0
2024-11-13 21:57:03.510768,0.0,0.0
2024-11-13 21:57:03.604836,0.0,0.0
2024-11-13 21:57:03.708022,0.0,0.0
2024-11-13 21:57:03.805759,0.0,0.0
2024-11-13 21:57:03.907911,0.0,0.0
2024-11-13 21:57:04.007493,0.0,0.0
2024-11-13 21:57:04.108256,0.0,0.0
2024-11-13 21:57:04.208911,0.0,0.0
2024-11-13 21:57:04.309074,0.0,0.0
2024-11-13 21:57:04.409392,0.0,0.0
2024-11-13 21:57:04.509791,0.0,0.0
2024-11-13 21:57:04.610930,0.0,0.0
2024-11-13 21:57:04.714382,0.0,0.0
2024-11-13 21:57:04.811745,0.0,0.0
2024-11-13 21:57:04.912462,0.0,0.0
2024-11-13 21:57:05.011843,0.0,0.0
2024-11-13 21:57:05.113580,0.0,0.0
2024-11-13 21:57:05.214179,0.0,0.0
2024-11-13 21:57:05.316178,0.0,0.0
2024-11-13 21:57:05.415207,0.0,0.0
2024-11-13 21:57:05.515296,0.0,0.0
2024-11-13 21:57:05.615917,0.0,0.0
2024-11-13 21:57:05.716479,0.0,0.0
2024-11-13 21:57:05.817229,0.0,0.0
2024-11-13 21:57:05.917057,0.0,0.0
2024-11-13 21:57:06.017668,0.0,0.0
2024-11-13 21:57:06.118157,0.0,0.0
2024-11-13 21:57:06.217707,0.0,0.0
2024-11-13 21:57:06.318344,0.0,0.0
2024-11-13 21:57:06.418894,0.0,0.0
2024-11-13 21:57:06.519189,0.0,0.0
2024-11-13 21:57:06.619975,0.0,0.0
2024-11-13 21:57:06.721555,0.0,0.0
2024-11-13 21:57:06.821916,0.0,0.0
2024-11-13 21:57:06.921817,0.0,0.0
2024-11-13 21:57:07.022283,0.0,0.0
2024-11-13 21:57:07.122134,0.0,0.0
2024-11-13 21:57:07.223686,0.0,0.0
2024-11-13 21:57:07.323636,0.0,0.0
2024-11-13 21:57:07.424248,0.0,0.0
2024-11-13 21:57:07.524401,0.0,0.0
2024-11-13 21:57:07.624726,0.0,0.0
2024-11-13 21:57:07.725388,0.0,0.0
2024-11-13 21:57:07.825909,0.0,0.0
2024-11-13 21:57:07.926338,0.0,0.0
2024-11-13 21:57:08.026956,0.0,0.0
2024-11-13 21:57:08.128320,0.0,0.0
2024-11-13 21:57:08.228431,0.0,0.0
2024-11-13 21:57:08.327327,0.0,0.0
2024-11-13 21:57:08.428752,0.0,0.0
2024-11-13 21:57:08.528705,0.0,0.0
2024-11-13 21:57:08.629827,0.0,0.0
2024-11-13 21:57:08.728941,0.0,0.0
2024-11-13 21:57:08.830584,0.0,0.0
2024-11-13 21:57:08.930351,0.0,0.0
2024-11-13 21:57:09.031287,0.0,0.0
2024-11-13 21:57:09.134026,0.0,0.0
2024-11-13 21:57:09.231941,0.0,0.0
2024-11-13 21:57:09.332010,0.0,0.0
2024-11-13 21:57:09.433140,0.0,0.0
2024-11-13 21:57:09.533671,0.0,0.0
2024-11-13 21:57:09.636044,0.0,0.0
2024-11-13 21:57:09.734042,0.0,0.0
2024-11-13 21:57:09.834119,0.0,0.0
2024-11-13 21:57:09.936343,0.0,0.0
2024-11-13 21:57:10.036363,0.0,0.0
2024-11-13 21:57:10.135588,0.0,0.0
2024-11-13 21:57:10.235927,0.0,0.0
2024-11-13 21:57:10.336443,0.0,0.0
2024-11-13 21:57:10.437066,0.0,0.0
2024-11-13 21:57:10.538011,0.0,0.0
2024-11-13 21:57:10.638626,0.0,0.0
2024-11-13 21:57:10.738971,0.0,0.0
2024-11-13 21:57:10.839294,0.0,0.0
2024-11-13 21:57:10.939831,0.0,0.0
2024-11-13 21:57:11.039818,0.0,0.0
2024-11-13 21:57:11.143699,0.0,0.0
2024-11-13 21:57:11.242324,0.0,0.0
2024-11-13 21:57:11.341659,0.0,0.0
2024-11-13 21:57:11.441637,0.0,0.0
2024-11-13 21:57:11.542142,0.0,0.0
2024-11-13 21:57:11.643392,0.0,0.0
2024-11-13 21:57:11.747503,0.0,0.0
2024-11-13 21:57:11.843457,0.0,0.0
2024-11-13 21:57:11.944843,0.0,0.0
2024-11-13 21:57:12.044271,0.0,0.0
2024-11-13 21:57:12.144822,0.0,0.0
2024-11-13 21:57:12.245283,0.0,0.0
2024-11-13 21:57:12.348329,0.0,0.0
2024-11-13 21:57:12.447308,0.0,0.0
2024-11-13 21:57:12.545306,0.0,0.0
2024-11-13 21:57:12.648512,0.0,0.0
2024-11-13 21:57:12.748443,0.0,0.0
2024-11-13 21:57:12.848406,0.0,0.0
2024-11-13 21:57:12.950533,0.0,0.0
2024-11-13 21:57:13.049986,0.0,0.0
2024-11-13 21:57:13.150325,0.0,0.0
2024-11-13 21:57:13.252163,0.0,0.0
2024-11-13 21:57:13.352091,0.0,0.0
2024-11-13 21:57:13.453204,0.0,0.0
2024-11-13 21:57:13.550598,0.0,0.0
2024-11-13 21:57:13.651122,0.0,0.0
2024-11-13 21:57:13.752827,0.0,0.0
2024-11-13 21:57:13.852296,0.0,0.0
2024-11-13 21:57:13.953082,0.0,0.0
2024-11-13 21:57:14.054554,0.0,0.0
2024-11-13 21:57:14.156819,0.0,0.0
2024-11-13 21:57:14.255705,0.0,0.0
2024-11-13 21:57:14.356945,0.0,0.0
2024-11-13 21:57:14.456850,0.0,0.0
2024-11-13 21:57:14.557777,0.0,0.0
2024-11-13 21:57:14.657964,0.0,0.0
2024-11-13 21:57:14.757728,0.0,0.0
2024-11-13 21:57:14.858847,0.0,0.0
2024-11-13 21:57:14.958388,0.0,0.0
2024-11-13 21:57:15.059289,0.0,0.0
2024-11-13 21:57:15.159724,0.0,0.0
2024-11-13 21:57:15.259725,0.0,0.0
2024-11-13 21:57:15.360621,0.0,0.0
2024-11-13 21:57:15.461853,0.0,0.0
2024-11-13 21:57:15.561763,0.0,0.0
2024-11-13 21:57:15.661864,0.0,0.0
2024-11-13 21:57:15.762309,0.0,0.0
2024-11-13 21:57:15.862624,0.0,0.0
2024-11-13 21:57:15.963030,0.0,0.0
2024-11-13 21:57:16.063856,0.0,0.0
2024-11-13 21:57:16.164097,0.0,0.0
2024-11-13 21:57:16.264423,0.0,0.0
2024-11-13 21:57:16.365049,0.0,0.0
2024-11-13 21:57:16.465314,0.0,0.0
2024-11-13 21:57:16.567491,0.0,0.0
2024-11-13 21:57:16.668314,0.0,0.0
2024-11-13 21:57:16.767283,0.0,0.0
2024-11-13 21:57:16.867567,0.0,0.0
2024-11-13 21:57:16.968667,0.0,0.0
2024-11-13 21:57:17.068684,0.0,0.0
2024-11-13 21:57:17.169895,0.0,0.0
2024-11-13 21:57:17.269492,0.0,0.0
2024-11-13 21:57:17.371365,0.0,0.0
2024-11-13 21:57:17.471456,0.0,0.0
2024-11-13 21:57:17.574471,0.0,0.0
2024-11-13 21:57:17.672550,0.0,0.0
2024-11-13 21:57:17.771437,0.0,0.0
2024-11-13 21:57:17.872148,0.0,0.0
2024-11-13 21:57:17.972380,0.0,0.0
2024-11-13 21:57:18.072707,0.0,0.0
2024-11-13 21:57:18.173278,0.0,0.0
2024-11-13 21:57:18.273596,0.0,0.0
2024-11-13 21:57:18.378977,0.0,0.0
2024-11-13 21:57:18.474536,0.0,0.0
2024-11-13 21:57:18.575227,0.0,0.0
2024-11-13 21:57:18.675198,0.0,0.0
2024-11-13 21:57:18.776844,0.0,0.0
2024-11-13 21:57:18.877270,0.0,0.0
2024-11-13 21:57:18.977345,0.0,0.0
2024-11-13 21:57:19.077988,0.0,0.0
2024-11-13 21:57:19.178123,0.0,0.0
2024-11-13 21:57:19.278917,0.0,0.0
2024-11-13 21:57:19.378310,0.0,0.0
2024-11-13 21:57:19.478847,0.0,0.0
2024-11-13 21:57:19.579203,0.0,0.0
2024-11-13 21:57:19.679737,0.0,0.0
2024-11-13 21:57:19.779804,0.0,0.0
2024-11-13 21:57:19.880929,0.0,0.0
2024-11-13 21:57:19.981634,0.0,0.0
2024-11-13 21:57:20.081531,0.0,0.0
2024-11-13 21:57:20.181750,0.0,0.0
2024-11-13 21:57:20.282178,0.0,0.0
2024-11-13 21:57:20.382376,0.0,0.0
2024-11-13 21:57:20.483182,0.0,0.0
2024-11-13 21:57:20.583192,0.0,0.0
2024-11-13 21:57:20.683616,0.0,0.0
2024-11-13 21:57:20.784225,0.0,0.0
2024-11-13 21:57:20.887230,0.0,0.0
2024-11-13 21:57:20.985682,0.0,0.0
2024-11-13 21:57:21.085657,0.0,0.0
2024-11-13 21:57:21.185925,0.0,0.0
2024-11-13 21:57:21.286468,0.0,0.0
2024-11-13 21:57:21.389493,0.0,0.0
2024-11-13 21:57:21.489038,0.0,0.0
2024-11-13 21:57:21.587765,0.0,0.0
2024-11-13 21:57:21.688288,0.0,0.0
2024-11-13 21:57:21.789299,0.0,0.0
2024-11-13 21:57:21.889567,0.0,0.0
2024-11-13 21:57:21.990073,0.0,0.0
2024-11-13 21:57:22.090326,0.0,0.0
2024-11-13 21:57:22.190509,0.0,0.0
2024-11-13 21:57:22.291317,0.0,0.0
2024-11-13 21:57:22.392080,0.0,0.0
2024-11-13 21:57:22.493259,0.0,0.0
2024-11-13 21:57:22.593990,0.0,0.0
2024-11-13 21:57:22.693007,0.0,0.0
2024-11-13 21:57:22.794883,0.0,0.0
2024-11-13 21:57:22.894591,0.0,0.0
2024-11-13 21:57:22.994303,0.0,0.0
2024-11-13 21:57:23.098299,0.0,0.0
2024-11-13 21:57:23.196481,0.0,0.0
2024-11-13 21:57:23.296205,0.0,0.0
2024-11-13 21:57:23.396108,0.0,0.0
2024-11-13 21:57:23.498512,0.0,0.0
2024-11-13 21:57:23.598338,0.0,0.0
2024-11-13 21:57:23.698499,0.0,0.0
2024-11-13 21:57:23.800641,0.0,0.0
2024-11-13 21:57:23.901708,0.0,0.0
2024-11-13 21:57:24.002643,0.0,0.0
2024-11-13 21:57:24.101147,0.0,0.0
2024-11-13 21:57:24.203972,0.0,0.0
2024-11-13 21:57:24.302219,0.0,0.0
2024-11-13 21:57:24.402988,0.0,0.0
2024-11-13 21:57:24.503910,0.0,0.0
2024-11-13 21:57:24.604657,0.0,0.0
2024-11-13 21:57:24.704579,0.0,0.0
2024-11-13 21:57:24.805392,0.0,0.0
2024-11-13 21:57:24.906565,0.0,0.0
2024-11-13 21:57:25.009235,0.0,0.0
2024-11-13 21:57:25.108581,0.0,0.0
2024-11-13 21:57:25.207822,0.0,0.0
2024-11-13 21:57:25.306484,0.0,0.0
2024-11-13 21:57:25.408043,0.0,0.0
2024-11-13 21:57:25.508081,0.0,0.0
2024-11-13 21:57:25.608477,0.0,0.0
2024-11-13 21:57:25.709297,0.0,0.0
2024-11-13 21:57:25.809065,0.0,0.0
2024-11-13 21:57:25.908795,0.0,0.0
2024-11-13 21:57:26.010506,0.0,0.0
2024-11-13 21:57:26.109737,0.0,0.0
2024-11-13 21:57:26.210986,0.0,0.0
2024-11-13 21:57:26.312405,0.0,0.0
2024-11-13 21:57:26.413297,0.0,0.0
2024-11-13 21:57:26.513004,0.0,0.0
2024-11-13 21:57:26.613226,0.0,0.0
2024-11-13 21:57:26.713051,0.0,0.0
2024-11-13 21:57:26.813228,0.0,0.0
2024-11-13 21:57:26.918181,0.0,0.0
2024-11-13 21:57:27.016373,0.0,0.0
2024-11-13 21:57:27.114877,0.0,0.0
2024-11-13 21:57:27.216160,0.0,0.0
2024-11-13 21:57:27.316931,0.0,0.0
2024-11-13 21:57:27.417021,0.0,0.0
2024-11-13 21:57:27.517754,0.0,0.0
2024-11-13 21:57:27.617282,0.0,0.0
2024-11-13 21:57:27.716671,0.0,0.0
2024-11-13 21:57:27.821089,0.0,0.0
2024-11-13 21:57:27.920330,0.0,0.0
2024-11-13 21:57:28.018854,0.0,0.0
2024-11-13 21:57:28.120764,0.0,0.0
2024-11-13 21:57:28.220295,0.0,0.0
2024-11-13 21:57:28.320804,0.0,0.0
2024-11-13 21:57:28.424361,0.0,0.0
2024-11-13 21:57:28.522845,0.0,0.0
2024-11-13 21:57:28.622400,0.0,0.0
2024-11-13 21:57:28.723704,0.0,0.0
2024-11-13 21:57:28.824819,0.0,0.0
2024-11-13 21:57:28.924139,0.0,0.0
2024-11-13 21:57:29.025381,0.0,0.0
2024-11-13 21:57:29.124938,0.0,0.0
2024-11-13 21:57:29.229600,0.0,0.0
2024-11-13 21:57:29.326781,0.0,0.0
2024-11-13 21:57:29.426758,0.0,0.0
2024-11-13 21:57:29.527727,0.0,0.0
2024-11-13 21:57:29.629295,0.0,0.0
2024-11-13 21:57:29.728784,0.0,0.0
2024-11-13 21:57:29.829300,0.0,0.0
2024-11-13 21:57:29.930167,0.0,0.0
2024-11-13 21:57:30.029846,0.0,0.0
2024-11-13 21:57:30.130444,0.0,0.0
2024-11-13 21:57:30.231035,0.0,0.0
2024-11-13 21:57:30.331529,0.0,0.0
2024-11-13 21:57:30.432964,0.0,0.0
2024-11-13 21:57:30.532399,0.0,0.0
2024-11-13 21:57:30.633682,0.0,0.0
2024-11-13 21:57:30.741377,0.0,0.0
2024-11-13 21:57:30.843209,0.0,0.0
2024-11-13 21:57:30.935076,0.0,0.0
2024-11-13 21:57:31.035884,0.0,0.0
2024-11-13 21:57:31.136078,0.0,0.0
2024-11-13 21:57:31.237398,0.0,0.0
2024-11-13 21:57:31.338829,0.0,0.0
2024-11-13 21:57:31.438615,0.0,0.0
2024-11-13 21:57:31.539561,0.0,0.0
2024-11-13 21:57:31.639264,0.0,0.0
2024-11-13 21:57:31.739229,0.0,0.0
2024-11-13 21:57:31.840881,0.0,0.0
2024-11-13 21:57:31.941606,0.0,0.0
2024-11-13 21:57:32.040918,0.0,0.0
2024-11-13 21:57:32.144828,0.0,0.0
2024-11-13 21:57:32.245557,0.0,0.0
2024-11-13 21:57:32.342649,0.0,0.0
2024-11-13 21:57:32.443238,0.0,0.0
2024-11-13 21:57:32.543255,0.0,0.0
2024-11-13 21:57:32.643838,0.0,0.0
2024-11-13 21:57:32.744274,0.0,0.0
2024-11-13 21:57:32.844646,0.0,0.0
2024-11-13 21:57:32.945176,0.0,0.0
2024-11-13 21:57:33.049182,0.0,0.0
2024-11-13 21:57:33.145983,0.0,0.0
2024-11-13 21:57:33.247868,0.0,0.0
2024-11-13 21:57:33.347368,0.0,0.0
2024-11-13 21:57:33.453866,0.0,0.0
2024-11-13 21:57:33.547397,0.0,0.0
2024-11-13 21:57:33.647733,0.0,0.0
2024-11-13 21:57:33.752263,0.0,0.0
2024-11-13 21:57:33.849422,0.0,0.0
2024-11-13 21:57:33.949638,0.0,0.0
2024-11-13 21:57:34.049535,0.0,0.0
2024-11-13 21:57:34.150414,0.0,0.0
2024-11-13 21:57:34.250225,0.0,0.0
2024-11-13 21:57:34.351784,0.0,0.0
2024-11-13 21:57:34.452202,0.0,0.0
2024-11-13 21:57:34.552445,0.0,0.0
2024-11-13 21:57:34.652486,0.0,0.0
2024-11-13 21:57:34.753737,0.0,0.0
2024-11-13 21:57:34.853522,0.0,0.0
2024-11-13 21:57:34.954364,0.0,0.0
2024-11-13 21:57:35.054535,0.0,0.0
2024-11-13 21:57:35.154543,0.0,0.0
2024-11-13 21:57:35.254514,0.0,0.0
2024-11-13 21:57:35.355225,0.0,0.0
2024-11-13 21:57:35.455566,0.0,0.0
2024-11-13 21:57:35.556701,0.0,0.0
2024-11-13 21:57:35.657447,0.0,0.0
2024-11-13 21:57:35.759089,0.0,0.0
2024-11-13 21:57:35.859260,0.0,0.0
2024-11-13 21:57:35.960945,0.0,0.0
2024-11-13 21:57:36.059071,0.0,0.0
2024-11-13 21:57:36.163299,0.0,0.0
2024-11-13 21:57:36.260031,0.0,0.0
2024-11-13 21:57:36.361769,0.0,0.0
2024-11-13 21:57:36.463106,0.0,0.0
2024-11-13 21:57:36.561786,0.0,0.0
2024-11-13 21:57:36.664499,0.0,0.0
2024-11-13 21:57:36.762694,0.0,0.0
2024-11-13 21:57:36.862909,0.0,0.0
2024-11-13 21:57:36.963957,0.0,0.0
2024-11-13 21:57:37.068110,0.0,0.0
2024-11-13 21:57:37.163511,0.0,0.0
2024-11-13 21:57:37.263153,0.0,0.0
2024-11-13 21:57:37.365689,0.0,0.0
2024-11-13 21:57:37.467119,0.0,0.0
2024-11-13 21:57:37.567297,0.0,0.0
2024-11-13 21:57:37.666549,0.0,0.0
2024-11-13 21:57:37.767263,0.0,0.0
2024-11-13 21:57:37.869640,0.0,0.0
2024-11-13 21:57:37.968079,0.0,0.0
2024-11-13 21:57:38.070218,0.0,0.0
2024-11-13 21:57:38.169858,0.0,0.0
2024-11-13 21:57:38.270623,0.0,0.0
2024-11-13 21:57:38.373633,0.0,0.0
2024-11-13 21:57:38.571060,0.0,0.0
2024-11-13 21:57:38.671058,0.0,0.0
2024-11-13 21:57:38.771912,0.0,0.0
2024-11-13 21:57:38.873116,0.0,0.0
2024-11-13 21:57:38.973016,0.0,0.0
